{"count":1,"self":5927.733248,"total":26544.310485399998,"children":{"InitializeActuators":{"count":10,"self":0.0030027,"total":0.0030027,"children":null},"InitializeSensors":{"count":10,"self":0.0063377,"total":0.0063377,"children":null},"AgentSendState":{"count":4275251,"self":630.36078079999993,"total":2910.2529078,"children":{"CollectObservations":{"count":8550510,"self":1936.8988671999998,"total":1936.8988889,"children":null},"WriteActionMask":{"count":8550510,"self":12.429535999999999,"total":12.4295359,"children":null},"RequestDecision":{"count":8550510,"self":43.635439999999996,"total":330.5636928,"children":{"AgentInfo.ToProto":{"count":8550510,"self":37.4828192,"total":286.92825139999997,"children":{"GenerateSensorData":{"count":8550510,"self":217.5442688,"total":249.4454322,"children":{"RayPerceptionSensor.Perceive":{"count":8550510,"self":31.901152,"total":31.9011535,"children":null}}}}}}}}},"DecideAction":{"count":4275251,"self":17489.9920896,"total":17489.99151,"children":null},"AgentAct":{"count":4275251,"self":214.44737279999998,"total":214.44737609999999,"children":null},"AgentInfo.ToProto":{"count":35403,"self":0.39386909999999997,"total":1.8698055999999998,"children":{"GenerateSensorData":{"count":35403,"self":1.2686102,"total":1.4759365,"children":{"RayPerceptionSensor.Perceive":{"count":35403,"self":0.2073263,"total":0.2073263,"children":null}}}}}},"gauges":{"Bread.CumulativeReward":{"count":35403,"max":1.15442717,"min":-2.07283425,"runningAverage":-1.01155543,"value":-1.0022862,"weightedAverage":-1.01598871}},"metadata":{"timer_format_version":"0.1.0","start_time_seconds":"1748941826","unity_version":"2022.3.44f1","command_line_arguments":"C:\\Program Files\\Unity\\Hub\\Editor\\2022.3.44f1\\Editor\\Unity.exe -projectpath C:\\Deusto\\Curso3\\semestre2\\Videojuegos\\ProjectMLAgents\\MLProject -useHub -hubIPC -cloudEnvironment production -licensingIpc LicenseClient-usuario -hubSessionId aba0e0de-5ab4-4143-9a19-4c448ddf9345 -accessToken yLyoTHR1Kc-ZvCerckWJ8TRyujnUlBqE_d7B9zxDCDE012f","communication_protocol_version":"1.5.0","com.unity.ml-agents_version":"2.0.1","scene_name":"Bread","end_time_seconds":"1748968370"}}